%RET,Low,1.23,-1.1SDs
%RET,Low,1.99,+0.4SDs
%RET,Low,0.81,-1.9SDs
%RET,Low,2.0,+0.4SDs
%RET,Low,1.14,-1.2SDs
%RET,Low,0.54,-2.4SDs
%RET,Low,1.83,+0.1SDs
%RET,Low,1.68,-0.2SDs
%RET,Low,1.89,+0.2SDs
%RET,Low,2.62,+1.7SDs
%RET,Low,1.45,-0.6SDs
%RET,Low,1.66,-0.2SDs
%RET,Low,1.97,+0.4SDs
%RET,Low,1.42,-0.7SDs
%RET,Low,1.97,+0.4SDs
%RET,Low,2.35,+1.1SDs
%RET,Low,2.05,+0.5SDs
%RET,Low,2.22,+0.9SDs
%RET,Low,2.3,+1.0SDs
%RET,Low,1.9,+0.2SDs
%RET,Low,1.96,+0.4SDs
%RET,Low,1.63,-0.3SDs
%RET,Low,1.75,-0.1SDs
%RET,Low,1.51,-0.5SDs
%RET,Low,2.98,+2.4SDs
%RET,Low,2.32,+1.1SDs
%RET,Low,1.73,-0.1SDs
%RET,Low,1.47,-0.6SDs
%RET,Low,1.05,-1.4SDs
%RET,Low,2.34,+1.1SDs
%RET,Low,2.37,+1.2SDs
%RET,Low,1.26,-1.0SDs
%RET,Low,1.35,-0.8SDs
%RET,Low,2.34,+1.1SDs
%RET,Low,0.67,-2.2SDs
%RET,Low,1.87,+0.2SDs
%RET,Low,2.07,+0.6SDs
%RET,Low,1.29,-1.0SDs
%RET,Low,1.76,0.0SDs
%RET,Low,2.72,+1.9SDs
%RET,Low,2.52,+1.5SDs
%RET,Low,2.03,+0.5SDs
%RET,Low,2.17,+0.8SDs
%RET,Low,1.2,-1.1SDs
%RET,Low,2.31,+1.1SDs
%RET,Low,2.09,+0.6SDs
%RET,Low,2.1,+0.6SDs
%RET,Low,1.42,-0.7SDs
%RET,Low,2.25,+0.9SDs
%RET,Low,2.26,+0.9SDs
%RET,Low,0.98,-1.5SDs
%RET,Low,1.6,-0.4SDs
%RET,Low,2.45,+1.3SDs
%RET,Low,0.97,-1.6SDs
%RET,Low,1.48,-0.6SDs
%RET,Low,1.56,-0.4SDs
%RET,Low,1.47,-0.6SDs
%RET,Low,1.75,0.0SDs
%RET,Low,2.75,+1.9SDs
#EO,Low,0.04,+0.3SDs
#EO,Low,0.02,-1.6SDs
#EO,Low,0.04,-0.1SDs
#EO,Low,0.04,+0.2SDs
#EO,Low,0.03,-0.3SDs
#EO,Low,0.03,-0.8SDs
#EO,Low,0.04,-0.3SDs
#EO,Low,0.04,-0.3SDs
#EO,Low,0.04,0.0SDs
#EO,Low,0.04,+0.1SDs
#EO,Low,0.03,-0.3SDs
#EO,Low,0.03,-0.4SDs
#EO,Low,0.03,-0.3SDs
#EO,Low,0.05,+1.1SDs
#EO,Low,0.04,+0.2SDs
#EO,Low,0.04,+0.7SDs
#EO,Low,0.04,-0.3SDs
#EO,Low,0.04,+0.7SDs
#EO,Low,0.03,-0.5SDs
#EO,Low,0.04,-0.1SDs
#EO,Low,0.06,+2.4SDs
#EO,Low,0.06,+2.0SDs
#EO,Low,0.05,+0.8SDs
#EO,Low,0.05,+1.2SDs
#EO,Low,0.04,-0.1SDs
#EO,Low,0.04,+0.2SDs
#EO,Low,0.04,-0.2SDs
#EO,Low,0.03,-0.6SDs
#EO,Low,0.05,+1.7SDs
#EO,Low,0.04,+0.1SDs
#EO,Low,0.04,+0.4SDs
#EO,Low,0.03,-0.5SDs
#EO,Low,0.04,-0.1SDs
#EO,Low,0.03,-0.7SDs
#EO,Low,0.03,-0.4SDs
#EO,Low,0.03,-1.0SDs
#EO,Low,0.04,-0.2SDs
#EO,Low,0.04,+0.2SDs
#EO,Low,0.03,-1.0SDs
#EO,Low,0.04,+0.6SDs
#EO,Low,0.04,-0.1SDs
#EO,Low,0.04,+0.6SDs
#EO,Low,0.04,+0.2SDs
#EO,Low,0.02,-2.3SDs
#EO,Low,0.03,-0.4SDs
#EO,Low,0.04,+0.2SDs
#EO,Low,0.04,0.0SDs
#EO,Low,0.03,-0.6SDs
#EO,Low,0.03,-1.1SDs
#EO,Low,0.04,0.0SDs
#EO,Low,0.05,+0.8SDs
#EO,Low,0.04,+0.4SDs
#EO,Low,0.04,+0.4SDs
#EO,Low,0.04,-0.1SDs
#EO,Low,0.03,-0.7SDs
#EO,Low,0.04,+0.2SDs
#EO,Low,0.04,-0.2SDs
#EO,Low,0.05,+1.7SDs
#EO,Low,0.02,-1.3SDs
RDW-SD,Low,11.72,-1.6SDs
RDW-SD,Low,12.2,-0.4SDs
RDW-SD,Low,12.44,+0.3SDs
RDW-SD,Low,12.29,-0.1SDs
RDW-SD,Low,13.01,+1.8SDs
RDW-SD,Low,12.47,+0.3SDs
RDW-SD,Low,12.43,+0.2SDs
RDW-SD,Low,12.13,-0.6SDs
RDW-SD,Low,12.53,+0.5SDs
RDW-SD,Low,11.66,-1.8SDs
RDW-SD,Low,11.92,-1.1SDs
RDW-SD,Low,12.41,+0.2SDs
RDW-SD,Low,13.12,+2.1SDs
RDW-SD,Low,12.58,+0.6SDs
RDW-SD,Low,11.88,-1.2SDs
RDW-SD,Low,12.03,-0.8SDs
RDW-SD,Low,12.67,+0.9SDs
RDW-SD,Low,12.31,-0.1SDs
RDW-SD,Low,12.87,+1.4SDs
RDW-SD,Low,12.1,-0.6SDs
RDW-SD,Low,12.34,0.0SDs
RDW-SD,Low,12.4,+0.2SDs
RDW-SD,Low,13.2,+2.3SDs
RDW-SD,Low,11.71,-1.7SDs
RDW-SD,Low,12.43,+0.2SDs
RDW-SD,Low,12.51,+0.4SDs
RDW-SD,Low,12.59,+0.6SDs
RDW-SD,Low,13.06,+1.9SDs
RDW-SD,Low,12.5,+0.4SDs
RDW-SD,Low,13.19,+2.2SDs
RDW-SD,Low,12.18,-0.4SDs
RDW-SD,Low,13.21,+2.3SDs
RDW-SD,Low,12.4,+0.2SDs
RDW-SD,Low,12.3,-0.1SDs
RDW-SD,Low,11.92,-1.1SDs
RDW-SD,Low,13.1,+2.0SDs
RDW-SD,Low,12.09,-0.7SDs
RDW-SD,Low,11.96,-1.0SDs
RDW-SD,Low,12.37,+0.1SDs
RDW-SD,Low,12.82,+1.3SDs
RDW-SD,Low,11.91,-1.1SDs
RDW-SD,Low,11.83,-1.3SDs
RDW-SD,Low,12.4,+0.2SDs
RDW-SD,Low,11.67,-1.8SDs
RDW-SD,Low,12.85,+1.4SDs
RDW-SD,Low,12.41,+0.2SDs
RDW-SD,Low,12.29,-0.1SDs
RDW-SD,Low,11.93,-1.1SDs
RDW-SD,Low,12.05,-0.8SDs
RDW-SD,Low,12.34,0.0SDs
RDW-SD,Low,12.55,+0.6SDs
RDW-SD,Low,12.24,-0.3SDs
RDW-SD,Low,12.53,+0.5SDs
RDW-SD,Low,12.17,-0.4SDs
RDW-SD,Low,12.29,-0.1SDs
RDW-SD,Low,12.72,+1.0SDs
RDW-SD,Low,12.36,+0.1SDs
RDW-SD,Low,12.73,+1.0SDs
RDW-SD,Low,11.74,-1.6SDs
#RET,Low,0.03,-0.2SDs
#RET,Low,0.05,+0.1SDs
#RET,Low,0.02,-0.3SDs
#RET,Low,0.05,+0.1SDs
#RET,Low,0.03,-0.2SDs
#RET,Low,0.01,-0.4SDs
#RET,Low,0.04,0.0SDs
#RET,Low,0.04,0.0SDs
#RET,Low,0.04,0.0SDs
#RET,Low,0.06,+0.2SDs
#RET,Low,0.03,-0.1SDs
#RET,Low,0.04,0.0SDs
#RET,Low,0.05,+0.1SDs
#RET,Low,0.03,-0.1SDs
#RET,Low,0.05,+0.1SDs
#RET,Low,0.06,+0.2SDs
#RET,Low,0.05,+0.1SDs
#RET,Low,0.05,+0.1SDs
#RET,Low,0.05,+0.1SDs
#RET,Low,0.04,0.0SDs
#RET,Low,0.04,+0.1SDs
#RET,Low,0.04,0.0SDs
#RET,Low,0.04,0.0SDs
#RET,Low,0.03,-0.1SDs
#RET,Low,0.07,+0.4SDs
#RET,Low,0.05,+0.2SDs
#RET,Low,0.04,0.0SDs
#RET,Low,0.03,-0.1SDs
#RET,Low,0.02,-0.2SDs
#RET,Low,0.05,+0.2SDs
#RET,Low,0.05,+0.2SDs
#RET,Low,0.03,-0.2SDs
#RET,Low,0.03,-0.1SDs
#RET,Low,0.05,+0.2SDs
#RET,Low,0.02,-0.3SDs
#RET,Low,0.04,0.0SDs
#RET,Low,0.05,+0.1SDs
#RET,Low,0.03,-0.1SDs
#RET,Low,0.04,0.0SDs
#RET,Low,0.06,+0.3SDs
#RET,Low,0.06,+0.2SDs
#RET,Low,0.05,+0.1SDs
#RET,Low,0.05,+0.1SDs
#RET,Low,0.03,-0.2SDs
#RET,Low,0.05,+0.1SDs
#RET,Low,0.05,+0.1SDs
#RET,Low,0.05,+0.1SDs
#RET,Low,0.03,-0.1SDs
#RET,Low,0.05,+0.1SDs
#RET,Low,0.05,+0.1SDs
#RET,Low,0.02,-0.2SDs
#RET,Low,0.04,0.0SDs
#RET,Low,0.06,+0.2SDs
#RET,Low,0.02,-0.2SDs
#RET,Low,0.03,-0.1SDs
#RET,Low,0.04,-0.1SDs
#RET,Low,0.03,-0.1SDs
#RET,Low,0.04,0.0SDs
#RET,Low,0.06,+0.3SDs
#UNCLASS,Low,0.08,0.0SDs
#UNCLASS,Low,0.11,0.0SDs
#UNCLASS,Low,0.13,0.0SDs
#UNCLASS,Low,0.05,0.0SDs
#UNCLASS,Low,0.08,0.0SDs
#UNCLASS,Low,0.07,0.0SDs
#UNCLASS,Low,0.05,0.0SDs
#UNCLASS,Low,0.04,0.0SDs
#UNCLASS,Low,0.1,0.0SDs
#UNCLASS,Low,0.06,0.0SDs
#UNCLASS,Low,0.03,-0.1SDs
#UNCLASS,Low,0.07,0.0SDs
#UNCLASS,Low,0.06,0.0SDs
#UNCLASS,Low,0.11,0.0SDs
#UNCLASS,Low,0.03,-0.1SDs
#UNCLASS,Low,0.03,0.0SDs
#UNCLASS,Low,0.06,0.0SDs
#UNCLASS,Low,0.08,0.0SDs
#UNCLASS,Low,0.09,0.0SDs
#UNCLASS,Low,0.09,0.0SDs
#UNCLASS,Low,0.05,0.0SDs
#UNCLASS,Low,0.08,0.0SDs
#UNCLASS,Low,0.05,0.0SDs
#UNCLASS,Low,0.08,0.0SDs
#UNCLASS,Low,0.01,-0.1SDs
#UNCLASS,Low,0.11,0.0SDs
#UNCLASS,Low,0.07,0.0SDs
#UNCLASS,Low,0.08,0.0SDs
#UNCLASS,Low,0.1,0.0SDs
#UNCLASS,Low,0.08,0.0SDs
#UNCLASS,Low,0.12,0.0SDs
#UNCLASS,Low,0.07,0.0SDs
#UNCLASS,Low,0.13,+0.1SDs
#UNCLASS,Low,0.13,+0.1SDs
#UNCLASS,Low,0.06,0.0SDs
#UNCLASS,Low,0.09,0.0SDs
#UNCLASS,Low,0.04,0.0SDs
#UNCLASS,Low,0.07,0.0SDs
#UNCLASS,Low,0.08,0.0SDs
#UNCLASS,Low,0.12,0.0SDs
#UNCLASS,Low,0.05,0.0SDs
#UNCLASS,Low,0.1,0.0SDs
#UNCLASS,Low,0.13,+0.1SDs
#UNCLASS,Low,0.0,-0.1SDs
#UNCLASS,Low,0.12,0.0SDs
#UNCLASS,Low,0.09,0.0SDs
#UNCLASS,Low,0.03,0.0SDs
#UNCLASS,Low,0.11,0.0SDs
#UNCLASS,Low,0.08,0.0SDs
#UNCLASS,Low,0.06,0.0SDs
#UNCLASS,Low,0.06,0.0SDs
#UNCLASS,Low,0.08,0.0SDs
#UNCLASS,Low,0.05,0.0SDs
#UNCLASS,Low,0.1,0.0SDs
#UNCLASS,Low,0.09,0.0SDs
#UNCLASS,Low,0.04,0.0SDs
#UNCLASS,Low,0.11,0.0SDs
#UNCLASS,Low,0.14,+0.1SDs
#UNCLASS,Low,0.05,0.0SDs
%UNCLASS,Low,2.22,+0.1SDs
%UNCLASS,Low,2.84,+0.7SDs
%UNCLASS,Low,3.32,+1.2SDs
%UNCLASS,Low,1.25,-0.9SDs
%UNCLASS,Low,2.31,+0.2SDs
%UNCLASS,Low,2.1,0.0SDs
%UNCLASS,Low,1.33,-0.8SDs
%UNCLASS,Low,0.97,-1.2SDs
%UNCLASS,Low,2.6,+0.5SDs
%UNCLASS,Low,1.58,-0.5SDs
%UNCLASS,Low,0.68,-1.4SDs
%UNCLASS,Low,1.87,-0.3SDs
%UNCLASS,Low,1.57,-0.6SDs
%UNCLASS,Low,3.06,+0.9SDs
%UNCLASS,Low,0.69,-1.4SDs
%UNCLASS,Low,0.79,-1.3SDs
%UNCLASS,Low,1.7,-0.4SDs
%UNCLASS,Low,2.23,+0.1SDs
%UNCLASS,Low,2.5,+0.4SDs
%UNCLASS,Low,2.54,+0.4SDs
%UNCLASS,Low,1.28,-0.8SDs
%UNCLASS,Low,2.36,+0.2SDs
%UNCLASS,Low,1.31,-0.8SDs
%UNCLASS,Low,2.05,-0.1SDs
%UNCLASS,Low,0.33,-1.8SDs
%UNCLASS,Low,2.94,+0.8SDs
%UNCLASS,Low,1.91,-0.2SDs
%UNCLASS,Low,2.35,+0.2SDs
%UNCLASS,Low,2.77,+0.6SDs
%UNCLASS,Low,2.11,0.0SDs
%UNCLASS,Low,3.15,+1.0SDs
%UNCLASS,Low,1.95,-0.2SDs
%UNCLASS,Low,3.53,+1.4SDs
%UNCLASS,Low,3.5,+1.4SDs
%UNCLASS,Low,1.61,-0.5SDs
%UNCLASS,Low,2.58,+0.4SDs
%UNCLASS,Low,1.24,-0.9SDs
%UNCLASS,Low,1.74,-0.4SDs
%UNCLASS,Low,2.23,+0.1SDs
%UNCLASS,Low,3.33,+1.2SDs
%UNCLASS,Low,1.48,-0.6SDs
%UNCLASS,Low,2.8,+0.7SDs
%UNCLASS,Low,3.41,+1.3SDs
%UNCLASS,Low,0.0,-2.1SDs
%UNCLASS,Low,3.26,+1.1SDs
%UNCLASS,Low,2.29,+0.2SDs
%UNCLASS,Low,0.96,-1.2SDs
%UNCLASS,Low,2.91,+0.8SDs
%UNCLASS,Low,2.14,0.0SDs
%UNCLASS,Low,1.74,-0.4SDs
%UNCLASS,Low,1.48,-0.6SDs
%UNCLASS,Low,2.28,+0.2SDs
%UNCLASS,Low,1.36,-0.8SDs
%UNCLASS,Low,2.68,+0.6SDs
%UNCLASS,Low,2.47,+0.3SDs
%UNCLASS,Low,1.03,-1.1SDs
%UNCLASS,Low,2.94,+0.8SDs
%UNCLASS,Low,4.0,+1.9SDs
%UNCLASS,Low,1.27,-0.9SDs
%MONO,Low,3.6,+0.3SDs
%MONO,Low,3.65,+0.3SDs
%MONO,Low,5.42,+1.7SDs
%MONO,Low,2.97,-0.2SDs
%MONO,Low,4.2,+0.8SDs
%MONO,Low,1.4,-1.4SDs
%MONO,Low,1.81,-1.1SDs
%MONO,Low,4.44,+1.0SDs
%MONO,Low,2.17,-0.8SDs
%MONO,Low,4.04,+0.6SDs
%MONO,Low,4.22,+0.8SDs
%MONO,Low,5.18,+1.5SDs
%MONO,Low,2.06,-0.9SDs
%MONO,Low,3.35,+0.1SDs
%MONO,Low,2.25,-0.8SDs
%MONO,Low,3.41,+0.1SDs
%MONO,Low,4.16,+0.7SDs
%MONO,Low,2.28,-0.8SDs
%MONO,Low,3.28,0.0SDs
%MONO,Low,4.2,+0.8SDs
%MONO,Low,3.72,+0.4SDs
%MONO,Low,4.11,+0.7SDs
%MONO,Low,4.95,+1.4SDs
%MONO,Low,3.93,+0.6SDs
%MONO,Low,3.9,+0.5SDs
%MONO,Low,3.17,0.0SDs
%MONO,Low,4.86,+1.3SDs
%MONO,Low,3.68,+0.4SDs
%MONO,Low,2.44,-0.6SDs
%MONO,Low,1.57,-1.3SDs
%MONO,Low,2.62,-0.5SDs
%MONO,Low,2.91,-0.3SDs
%MONO,Low,4.89,+1.3SDs
%MONO,Low,5.03,+1.4SDs
%MONO,Low,4.59,+1.1SDs
%MONO,Low,5.17,+1.5SDs
%MONO,Low,3.5,+0.2SDs
%MONO,Low,1.69,-1.2SDs
%MONO,Low,3.19,0.0SDs
%MONO,Low,4.68,+1.2SDs
%MONO,Low,4.69,+1.2SDs
%MONO,Low,4.34,+0.9SDs
%MONO,Low,4.34,+0.9SDs
%MONO,Low,2.72,-0.4SDs
%MONO,Low,3.16,-0.1SDs
%MONO,Low,1.8,-1.1SDs
%MONO,Low,5.13,+1.5SDs
%MONO,Low,3.12,-0.1SDs
%MONO,Low,4.92,+1.3SDs
%MONO,Low,4.98,+1.4SDs
%MONO,Low,2.58,-0.5SDs
%MONO,Low,3.78,+0.4SDs
%MONO,Low,2.18,-0.8SDs
%MONO,Low,3.79,+0.4SDs
%MONO,Low,1.22,-1.6SDs
%MONO,Low,2.05,-0.9SDs
%MONO,Low,3.44,+0.2SDs
%MONO,Low,4.87,+1.3SDs
%MONO,Low,1.68,-1.2SDs
WBC,Low,3.67,+0.4SDs
WBC,Low,3.76,+1.1SDs
WBC,Low,3.78,+1.4SDs
WBC,Low,3.68,+0.4SDs
WBC,Low,3.66,+0.3SDs
WBC,Low,3.47,-1.4SDs
WBC,Low,3.55,-0.7SDs
WBC,Low,3.7,+0.6SDs
WBC,Low,3.8,+1.5SDs
WBC,Low,3.56,-0.6SDs
WBC,Low,3.74,+1.0SDs
WBC,Low,3.75,+1.1SDs
WBC,Low,3.72,+0.8SDs
WBC,Low,3.74,+1.0SDs
WBC,Low,3.81,+1.6SDs
WBC,Low,3.64,+0.1SDs
WBC,Low,3.47,-1.5SDs
WBC,Low,3.59,-0.4SDs
WBC,Low,3.77,+1.3SDs
WBC,Low,3.66,+0.2SDs
WBC,Low,3.65,+0.2SDs
WBC,Low,3.42,-1.9SDs
WBC,Low,3.72,+0.8SDs
WBC,Low,3.78,+1.4SDs
WBC,Low,3.56,-0.7SDs
WBC,Low,3.65,+0.1SDs
WBC,Low,3.57,-0.6SDs
WBC,Low,3.6,-0.3SDs
WBC,Low,3.59,-0.4SDs
WBC,Low,3.62,-0.1SDs
WBC,Low,3.67,+0.4SDs
WBC,Low,3.68,+0.4SDs
WBC,Low,3.7,+0.6SDs
WBC,Low,3.77,+1.2SDs
WBC,Low,3.73,+0.9SDs
WBC,Low,3.6,-0.3SDs
WBC,Low,3.56,-0.6SDs
WBC,Low,3.81,+1.7SDs
WBC,Low,3.77,+1.3SDs
WBC,Low,3.74,+1.0SDs
WBC,Low,3.46,-1.6SDs
WBC,Low,3.67,+0.3SDs
WBC,Low,3.93,+2.7SDs
WBC,Low,3.6,-0.3SDs
WBC,Low,3.63,0.0SDs
WBC,Low,3.72,+0.8SDs
WBC,Low,3.5,-1.2SDs
WBC,Low,3.81,+1.6SDs
WBC,Low,3.65,+0.1SDs
WBC,Low,3.68,+0.4SDs
WBC,Low,3.78,+1.3SDs
WBC,Low,3.64,+0.1SDs
WBC,Low,3.72,+0.8SDs
WBC,Low,3.68,+0.4SDs
WBC,Low,3.5,-1.2SDs
WBC,Low,3.55,-0.8SDs
WBC,Low,3.6,-0.3SDs
WBC,Low,3.53,-1.0SDs
WBC,Low,3.64,0.0SDs
#LYMPH,Low,0.71,-0.2SDs
#LYMPH,Low,0.73,+0.2SDs
#LYMPH,Low,0.69,-0.6SDs
#LYMPH,Low,0.75,+0.4SDs
#LYMPH,Low,0.72,-0.1SDs
#LYMPH,Low,0.73,+0.2SDs
#LYMPH,Low,0.75,+0.5SDs
#LYMPH,Low,0.7,-0.5SDs
#LYMPH,Low,0.77,+1.0SDs
#LYMPH,Low,0.71,-0.3SDs
#LYMPH,Low,0.72,-0.1SDs
#LYMPH,Low,0.7,-0.5SDs
#LYMPH,Low,0.8,+1.4SDs
#LYMPH,Low,0.82,+2.0SDs
#LYMPH,Low,0.77,+1.0SDs
#LYMPH,Low,0.72,-0.1SDs
#LYMPH,Low,0.71,-0.3SDs
#LYMPH,Low,0.72,-0.1SDs
#LYMPH,Low,0.74,+0.3SDs
#LYMPH,Low,0.8,+1.5SDs
#LYMPH,Low,0.69,-0.7SDs
#LYMPH,Low,0.66,-1.2SDs
#LYMPH,Low,0.72,-0.1SDs
#LYMPH,Low,0.73,+0.1SDs
#LYMPH,Low,0.71,-0.3SDs
#LYMPH,Low,0.71,-0.2SDs
#LYMPH,Low,0.74,+0.3SDs
#LYMPH,Low,0.72,0.0SDs
#LYMPH,Low,0.71,-0.2SDs
#LYMPH,Low,0.71,-0.2SDs
#LYMPH,Low,0.79,+1.4SDs
#LYMPH,Low,0.7,-0.5SDs
#LYMPH,Low,0.78,+1.1SDs
#LYMPH,Low,0.77,+0.9SDs
#LYMPH,Low,0.75,+0.6SDs
#LYMPH,Low,0.69,-0.7SDs
#LYMPH,Low,0.68,-1.0SDs
#LYMPH,Low,0.78,+1.1SDs
#LYMPH,Low,0.74,+0.3SDs
#LYMPH,Low,0.71,-0.4SDs
#LYMPH,Low,0.71,-0.3SDs
#LYMPH,Low,0.76,+0.7SDs
#LYMPH,Low,0.8,+1.5SDs
#LYMPH,Low,0.75,+0.5SDs
#LYMPH,Low,0.75,+0.4SDs
#LYMPH,Low,0.82,+1.9SDs
#LYMPH,Low,0.74,+0.3SDs
#LYMPH,Low,0.82,+1.9SDs
#LYMPH,Low,0.71,-0.3SDs
#LYMPH,Low,0.69,-0.7SDs
#LYMPH,Low,0.84,+2.3SDs
#LYMPH,Low,0.77,+0.8SDs
#LYMPH,Low,0.72,-0.1SDs
#LYMPH,Low,0.73,+0.1SDs
#LYMPH,Low,0.75,+0.6SDs
#LYMPH,Low,0.72,0.0SDs
#LYMPH,Low,0.66,-1.2SDs
#LYMPH,Low,0.67,-1.1SDs
#LYMPH,Low,0.7,-0.5SDs
%LYMPH,Low,19.35,-0.4SDs
%LYMPH,Low,19.53,-0.3SDs
%LYMPH,Low,18.31,-1.2SDs
%LYMPH,Low,20.27,+0.3SDs
%LYMPH,Low,19.66,-0.2SDs
%LYMPH,Low,21.07,+0.8SDs
%LYMPH,Low,21.07,+0.8SDs
%LYMPH,Low,18.86,-0.8SDs
%LYMPH,Low,20.33,+0.3SDs
%LYMPH,Low,19.89,0.0SDs
%LYMPH,Low,19.19,-0.5SDs
%LYMPH,Low,18.61,-0.9SDs
%LYMPH,Low,21.37,+1.0SDs
%LYMPH,Low,22.03,+1.5SDs
%LYMPH,Low,20.32,+0.3SDs
%LYMPH,Low,19.77,-0.1SDs
%LYMPH,Low,20.42,+0.4SDs
%LYMPH,Low,20.09,+0.1SDs
%LYMPH,Low,19.57,-0.2SDs
%LYMPH,Low,21.77,+1.3SDs
%LYMPH,Low,18.84,-0.8SDs
%LYMPH,Low,19.32,-0.4SDs
%LYMPH,Low,19.26,-0.5SDs
%LYMPH,Low,19.25,-0.5SDs
%LYMPH,Low,19.95,0.0SDs
%LYMPH,Low,19.59,-0.2SDs
%LYMPH,Low,20.62,+0.5SDs
%LYMPH,Low,20.01,+0.1SDs
%LYMPH,Low,19.89,0.0SDs
%LYMPH,Low,19.67,-0.2SDs
%LYMPH,Low,21.57,+1.2SDs
%LYMPH,Low,19.04,-0.6SDs
%LYMPH,Low,21.01,+0.8SDs
%LYMPH,Low,20.36,+0.3SDs
%LYMPH,Low,20.24,+0.2SDs
%LYMPH,Low,19.07,-0.6SDs
%LYMPH,Low,18.95,-0.7SDs
%LYMPH,Low,20.42,+0.4SDs
%LYMPH,Low,19.61,-0.2SDs
%LYMPH,Low,18.88,-0.7SDs
%LYMPH,Low,20.52,+0.4SDs
%LYMPH,Low,20.72,+0.6SDs
%LYMPH,Low,20.24,+0.2SDs
%LYMPH,Low,20.77,+0.6SDs
%LYMPH,Low,20.53,+0.4SDs
%LYMPH,Low,22.02,+1.5SDs
%LYMPH,Low,21.14,+0.9SDs
%LYMPH,Low,21.46,+1.1SDs
%LYMPH,Low,19.44,-0.3SDs
%LYMPH,Low,18.68,-0.9SDs
%LYMPH,Low,22.16,+1.6SDs
%LYMPH,Low,21.02,+0.8SDs
%LYMPH,Low,19.35,-0.4SDs
%LYMPH,Low,19.81,-0.1SDs
%LYMPH,Low,21.54,+1.2SDs
%LYMPH,Low,20.43,+0.4SDs
%LYMPH,Low,18.35,-1.1SDs
%LYMPH,Low,18.99,-0.7SDs
%LYMPH,Low,19.25,-0.5SDs
HGB,Low,6.74,-1.2SDs
HGB,Low,6.97,-0.1SDs
HGB,Low,7.16,+0.9SDs
HGB,Low,7.05,+0.4SDs
HGB,Low,7.21,+1.2SDs
HGB,Low,7.34,+1.8SDs
HGB,Low,6.99,+0.1SDs
HGB,Low,7.23,+1.3SDs
HGB,Low,6.97,0.0SDs
HGB,Low,6.78,-1.0SDs
HGB,Low,7.3,+1.6SDs
HGB,Low,7.0,+0.1SDs
HGB,Low,7.21,+1.2SDs
HGB,Low,7.06,+0.4SDs
HGB,Low,7.26,+1.4SDs
HGB,Low,7.06,+0.4SDs
HGB,Low,7.01,+0.2SDs
HGB,Low,7.02,+0.2SDs
HGB,Low,7.01,+0.1SDs
HGB,Low,7.03,+0.3SDs
HGB,Low,6.63,-1.7SDs
HGB,Low,7.24,+1.3SDs
HGB,Low,7.07,+0.5SDs
HGB,Low,7.19,+1.1SDs
HGB,Low,7.29,+1.6SDs
HGB,Low,7.13,+0.8SDs
HGB,Low,7.04,+0.3SDs
HGB,Low,6.96,-0.1SDs
HGB,Low,6.96,-0.1SDs
HGB,Low,6.87,-0.5SDs
HGB,Low,6.75,-1.1SDs
HGB,Low,7.03,+0.3SDs
HGB,Low,7.32,+1.7SDs
HGB,Low,7.1,+0.6SDs
HGB,Low,7.15,+0.9SDs
HGB,Low,7.28,+1.5SDs
HGB,Low,7.02,+0.2SDs
HGB,Low,7.01,+0.2SDs
HGB,Low,7.16,+0.9SDs
HGB,Low,7.17,+1.0SDs
HGB,Low,7.19,+1.0SDs
HGB,Low,7.22,+1.2SDs
HGB,Low,7.16,+0.9SDs
HGB,Low,7.01,+0.2SDs
HGB,Low,7.02,+0.2SDs
HGB,Low,6.97,0.0SDs
HGB,Low,6.83,-0.7SDs
HGB,Low,6.85,-0.6SDs
HGB,Low,7.08,+0.5SDs
HGB,Low,6.89,-0.4SDs
HGB,Low,6.96,-0.1SDs
HGB,Low,7.21,+1.2SDs
HGB,Low,6.92,-0.3SDs
HGB,Low,6.96,-0.1SDs
HGB,Low,7.11,+0.7SDs
HGB,Low,7.06,+0.4SDs
HGB,Low,6.98,0.0SDs
HGB,Low,6.7,-1.4SDs
HGB,Low,6.86,-0.6SDs
HGBr,Low,30.13,-0.3SDs
HGBr,Low,30.36,+0.3SDs
HGBr,Low,31.11,+2.5SDs
HGBr,Low,29.75,-1.5SDs
HGBr,Low,30.09,-0.5SDs
HGBr,Low,30.66,+1.2SDs
HGBr,Low,30.09,-0.5SDs
HGBr,Low,29.86,-1.1SDs
HGBr,Low,30.47,+0.7SDs
HGBr,Low,30.73,+1.4SDs
HGBr,Low,29.88,-1.1SDs
HGBr,Low,30.17,-0.2SDs
HGBr,Low,30.62,+1.1SDs
HGBr,Low,31.58,+3.9SDs
HGBr,Low,30.27,+0.1SDs
HGBr,Low,30.41,+0.5SDs
HGBr,Low,30.39,+0.4SDs
HGBr,Low,30.58,+1.0SDs
HGBr,Low,30.14,-0.3SDs
HGBr,Low,30.59,+1.0SDs
HGBr,Low,30.39,+0.4SDs
HGBr,Low,29.86,-1.2SDs
HGBr,Low,29.83,-1.2SDs
HGBr,Low,30.52,+0.8SDs
HGBr,Low,30.44,+0.6SDs
HGBr,Low,30.51,+0.8SDs
HGBr,Low,30.85,+1.8SDs
HGBr,Low,30.65,+1.2SDs
HGBr,Low,29.98,-0.8SDs
HGBr,Low,30.17,-0.2SDs
HGBr,Low,30.55,+0.9SDs
HGBr,Low,30.54,+0.9SDs
HGBr,Low,30.2,-0.1SDs
HGBr,Low,30.14,-0.3SDs
HGBr,Low,30.55,+0.9SDs
HGBr,Low,30.93,+2.0SDs
HGBr,Low,30.19,-0.2SDs
HGBr,Low,29.71,-1.6SDs
HGBr,Low,30.47,+0.7SDs
HGBr,Low,30.08,-0.5SDs
HGBr,Low,30.44,+0.6SDs
HGBr,Low,30.97,+2.1SDs
HGBr,Low,30.19,-0.2SDs
HGBr,Low,30.3,+0.1SDs
HGBr,Low,29.94,-0.9SDs
HGBr,Low,29.97,-0.8SDs
HGBr,Low,31.03,+2.3SDs
HGBr,Low,29.9,-1.0SDs
HGBr,Low,30.33,+0.2SDs
HGBr,Low,30.28,+0.1SDs
HGBr,Low,30.52,+0.8SDs
HGBr,Low,30.21,-0.1SDs
HGBr,Low,30.1,-0.4SDs
HGBr,Low,30.51,+0.8SDs
HGBr,Low,30.8,+1.6SDs
HGBr,Low,29.76,-1.4SDs
HGBr,Low,30.49,+0.7SDs
HGBr,Low,29.76,-1.4SDs
HGBr,Low,29.99,-0.8SDs
#BASO,Low,0.04,+0.5SDs
#BASO,Low,0.04,+0.5SDs
#BASO,Low,0.04,+0.5SDs
#BASO,Low,0.06,+1.6SDs
#BASO,Low,0.05,+0.8SDs
#BASO,Low,0.05,+1.2SDs
#BASO,Low,0.03,+0.1SDs
#BASO,Low,0.04,+0.6SDs
#BASO,Low,0.04,+0.5SDs
#BASO,Low,0.02,-0.5SDs
#BASO,Low,0.03,-0.1SDs
#BASO,Low,0.04,+0.6SDs
#BASO,Low,0.06,+1.3SDs
#BASO,Low,0.04,+0.3SDs
#BASO,Low,0.03,+0.1SDs
#BASO,Low,0.03,-0.1SDs
#BASO,Low,0.05,+0.7SDs
#BASO,Low,0.05,+1.0SDs
#BASO,Low,0.03,-0.3SDs
#BASO,Low,0.04,+0.5SDs
#BASO,Low,0.06,+1.4SDs
#BASO,Low,0.05,+1.0SDs
#BASO,Low,0.03,-0.3SDs
#BASO,Low,0.04,+0.3SDs
#BASO,Low,0.02,-0.4SDs
#BASO,Low,0.04,+0.4SDs
#BASO,Low,0.04,+0.4SDs
#BASO,Low,0.04,+0.4SDs
#BASO,Low,0.02,-0.7SDs
#BASO,Low,0.03,0.0SDs
#BASO,Low,0.04,+0.4SDs
#BASO,Low,0.05,+0.8SDs
#BASO,Low,0.04,+0.4SDs
#BASO,Low,0.03,0.0SDs
#BASO,Low,0.02,-0.6SDs
#BASO,Low,0.02,-0.8SDs
#BASO,Low,0.06,+1.6SDs
#BASO,Low,0.06,+1.2SDs
#BASO,Low,0.04,+0.3SDs
#BASO,Low,0.05,+0.8SDs
#BASO,Low,0.0,-1.4SDs
#BASO,Low,0.07,+2.0SDs
#BASO,Low,0.04,+0.5SDs
#BASO,Low,0.06,+1.2SDs
#BASO,Low,0.04,+0.6SDs
#BASO,Low,0.03,-0.2SDs
#BASO,Low,0.01,-1.3SDs
#BASO,Low,0.07,+1.7SDs
#BASO,Low,0.07,+2.0SDs
#BASO,Low,0.03,-0.2SDs
#BASO,Low,0.02,-0.4SDs
#BASO,Low,0.01,-1.2SDs
#BASO,Low,0.07,+1.8SDs
#BASO,Low,0.03,+0.1SDs
#BASO,Low,0.01,-0.9SDs
#BASO,Low,0.04,+0.6SDs
#BASO,Low,0.03,-0.3SDs
#BASO,Low,0.03,-0.1SDs
#BASO,Low,0.0,-1.4SDs
%NRBC,Low,10.45,+1.1SDs
%NRBC,Low,9.21,-0.2SDs
%NRBC,Low,8.49,-0.9SDs
%NRBC,Low,8.14,-1.2SDs
%NRBC,Low,9.57,+0.2SDs
%NRBC,Low,7.83,-1.5SDs
%NRBC,Low,7.56,-1.8SDs
%NRBC,Low,7.35,-2.0SDs
%NRBC,Low,8.13,-1.2SDs
%NRBC,Low,10.31,+0.9SDs
%NRBC,Low,8.74,-0.6SDs
%NRBC,Low,8.26,-1.1SDs
%NRBC,Low,8.75,-0.6SDs
%NRBC,Low,8.87,-0.5SDs
%NRBC,Low,8.09,-1.3SDs
%NRBC,Low,6.82,-2.5SDs
%NRBC,Low,9.16,-0.2SDs
%NRBC,Low,8.42,-0.9SDs
%NRBC,Low,8.65,-0.7SDs
%NRBC,Low,8.69,-0.7SDs
%NRBC,Low,9.8,+0.4SDs
%NRBC,Low,9.17,-0.2SDs
%NRBC,Low,8.59,-0.8SDs
%NRBC,Low,8.47,-0.9SDs
%NRBC,Low,8.85,-0.5SDs
%NRBC,Low,7.94,-1.4SDs
%NRBC,Low,8.99,-0.4SDs
%NRBC,Low,7.55,-1.8SDs
%NRBC,Low,8.15,-1.2SDs
%NRBC,Low,8.71,-0.6SDs
%NRBC,Low,7.63,-1.7SDs
%NRBC,Low,8.27,-1.1SDs
%NRBC,Low,8.86,-0.5SDs
%NRBC,Low,8.12,-1.2SDs
%NRBC,Low,7.77,-1.6SDs
%NRBC,Low,8.9,-0.5SDs
%NRBC,Low,8.23,-1.1SDs
%NRBC,Low,8.82,-0.5SDs
%NRBC,Low,9.43,+0.1SDs
%NRBC,Low,8.23,-1.1SDs
%NRBC,Low,9.08,-0.3SDs
%NRBC,Low,8.63,-0.7SDs
%NRBC,Low,9.14,-0.2SDs
%NRBC,Low,10.15,+0.8SDs
%NRBC,Low,8.53,-0.8SDs
%NRBC,Low,8.84,-0.5SDs
%NRBC,Low,9.24,-0.1SDs
%NRBC,Low,8.89,-0.5SDs
%NRBC,Low,11.01,+1.7SDs
%NRBC,Low,11.17,+1.8SDs
%NRBC,Low,8.3,-1.1SDs
%NRBC,Low,9.41,+0.1SDs
%NRBC,Low,11.32,+2.0SDs
%NRBC,Low,9.56,+0.2SDs
%NRBC,Low,9.27,-0.1SDs
%NRBC,Low,7.87,-1.5SDs
%NRBC,Low,9.45,+0.1SDs
%NRBC,Low,8.16,-1.2SDs
%NRBC,Low,7.39,-2.0SDs
%BASO,Low,1.14,+0.6SDs
%BASO,Low,1.09,+0.5SDs
%BASO,Low,1.1,+0.5SDs
%BASO,Low,1.74,+2.0SDs
%BASO,Low,1.29,+1.0SDs
%BASO,Low,1.58,+1.6SDs
%BASO,Low,0.98,+0.2SDs
%BASO,Low,1.18,+0.7SDs
%BASO,Low,1.12,+0.6SDs
%BASO,Low,0.59,-0.6SDs
%BASO,Low,0.82,-0.1SDs
%BASO,Low,1.19,+0.7SDs
%BASO,Low,1.55,+1.5SDs
%BASO,Low,1.02,+0.3SDs
%BASO,Low,0.89,0.0SDs
%BASO,Low,0.85,-0.1SDs
%BASO,Low,1.35,+1.1SDs
%BASO,Low,1.45,+1.3SDs
%BASO,Low,0.7,-0.4SDs
%BASO,Low,1.13,+0.6SDs
%BASO,Low,1.62,+1.7SDs
%BASO,Low,1.54,+1.5SDs
%BASO,Low,0.7,-0.4SDs
%BASO,Low,1.02,+0.3SDs
%BASO,Low,0.68,-0.4SDs
%BASO,Low,1.11,+0.5SDs
%BASO,Low,1.1,+0.5SDs
%BASO,Low,1.08,+0.5SDs
%BASO,Low,0.5,-0.9SDs
%BASO,Low,0.9,+0.1SDs
%BASO,Low,1.09,+0.5SDs
%BASO,Low,1.29,+0.9SDs
%BASO,Low,1.09,+0.5SDs
%BASO,Low,0.83,-0.1SDs
%BASO,Low,0.53,-0.8SDs
%BASO,Low,0.45,-1.0SDs
%BASO,Low,1.78,+2.1SDs
%BASO,Low,1.45,+1.3SDs
%BASO,Low,0.99,+0.3SDs
%BASO,Low,1.3,+1.0SDs
%BASO,Low,0.09,-1.8SDs
%BASO,Low,1.97,+2.5SDs
%BASO,Low,1.07,+0.4SDs
%BASO,Low,1.56,+1.6SDs
%BASO,Low,1.21,+0.8SDs
%BASO,Low,0.73,-0.3SDs
%BASO,Low,0.16,-1.6SDs
%BASO,Low,1.72,+1.9SDs
%BASO,Low,1.98,+2.5SDs
%BASO,Low,0.78,-0.2SDs
%BASO,Low,0.64,-0.5SDs
%BASO,Low,0.22,-1.5SDs
%BASO,Low,1.81,+2.1SDs
%BASO,Low,0.89,0.0SDs
%BASO,Low,0.4,-1.1SDs
%BASO,Low,1.23,+0.8SDs
%BASO,Low,0.74,-0.3SDs
%BASO,Low,0.82,-0.1SDs
%BASO,Low,0.1,-1.8SDs
RDW,Low,12.74,-0.2SDs
RDW,Low,12.76,-0.2SDs
RDW,Low,12.62,-0.4SDs
RDW,Low,12.47,-0.7SDs
RDW,Low,13.32,+0.9SDs
RDW,Low,12.79,-0.1SDs
RDW,Low,13.0,+0.3SDs
RDW,Low,12.39,-0.9SDs
RDW,Low,12.91,+0.1SDs
RDW,Low,12.7,-0.3SDs
RDW,Low,12.52,-0.6SDs
RDW,Low,12.74,-0.2SDs
RDW,Low,12.45,-0.8SDs
RDW,Low,12.46,-0.7SDs
RDW,Low,13.24,+0.7SDs
RDW,Low,12.48,-0.7SDs
RDW,Low,13.13,+0.5SDs
RDW,Low,12.47,-0.7SDs
RDW,Low,13.0,+0.3SDs
RDW,Low,12.91,+0.1SDs
RDW,Low,12.65,-0.4SDs
RDW,Low,13.28,+0.8SDs
RDW,Low,12.25,-1.2SDs
RDW,Low,13.4,+1.0SDs
RDW,Low,12.75,-0.2SDs
RDW,Low,12.52,-0.6SDs
RDW,Low,12.47,-0.7SDs
RDW,Low,12.66,-0.4SDs
RDW,Low,12.2,-1.2SDs
RDW,Low,12.48,-0.7SDs
RDW,Low,12.77,-0.2SDs
RDW,Low,13.17,+0.6SDs
RDW,Low,12.76,-0.2SDs
RDW,Low,12.91,+0.1SDs
RDW,Low,12.45,-0.8SDs
RDW,Low,12.12,-1.4SDs
RDW,Low,13.41,+1.0SDs
RDW,Low,12.33,-1.0SDs
RDW,Low,12.61,-0.5SDs
RDW,Low,12.96,+0.2SDs
RDW,Low,12.34,-1.0SDs
RDW,Low,12.53,-0.6SDs
RDW,Low,12.38,-0.9SDs
RDW,Low,12.99,+0.2SDs
RDW,Low,13.26,+0.8SDs
RDW,Low,12.63,-0.4SDs
RDW,Low,13.4,+1.0SDs
RDW,Low,12.97,+0.2SDs
RDW,Low,12.96,+0.2SDs
RDW,Low,12.91,+0.1SDs
RDW,Low,12.36,-0.9SDs
RDW,Low,12.83,-0.1SDs
RDW,Low,12.7,-0.3SDs
RDW,Low,13.8,+1.8SDs
RDW,Low,12.63,-0.4SDs
RDW,Low,13.1,+0.5SDs
RDW,Low,12.33,-1.0SDs
RDW,Low,12.73,-0.2SDs
RDW,Low,13.1,+0.5SDs
HCT,Low,19.13,-3.8SDs
HCT,Low,20.38,-0.4SDs
HCT,Low,20.85,+0.8SDs
HCT,Low,20.44,-0.3SDs
HCT,Low,20.59,+0.1SDs
HCT,Low,20.76,+0.6SDs
HCT,Low,21.09,+1.5SDs
HCT,Low,20.55,0.0SDs
HCT,Low,21.38,+2.3SDs
HCT,Low,21.02,+1.3SDs
HCT,Low,20.65,+0.3SDs
HCT,Low,20.93,+1.1SDs
HCT,Low,20.27,-0.7SDs
HCT,Low,20.85,+0.9SDs
HCT,Low,20.69,+0.4SDs
HCT,Low,20.95,+1.1SDs
HCT,Low,20.31,-0.6SDs
HCT,Low,21.07,+1.4SDs
HCT,Low,20.91,+1.0SDs
HCT,Low,21.08,+1.5SDs
HCT,Low,20.34,-0.5SDs
HCT,Low,21.04,+1.4SDs
HCT,Low,21.11,+1.6SDs
HCT,Low,20.98,+1.2SDs
HCT,Low,20.99,+1.2SDs
HCT,Low,20.65,+0.3SDs
HCT,Low,21.3,+2.1SDs
HCT,Low,19.78,-2.0SDs
HCT,Low,20.55,0.0SDs
HCT,Low,20.0,-1.5SDs
HCT,Low,20.45,-0.2SDs
HCT,Low,20.25,-0.8SDs
HCT,Low,20.31,-0.6SDs
HCT,Low,20.7,+0.4SDs
HCT,Low,20.25,-0.8SDs
HCT,Low,20.95,+1.1SDs
HCT,Low,20.45,-0.2SDs
HCT,Low,20.49,-0.1SDs
HCT,Low,20.92,+1.0SDs
HCT,Low,20.24,-0.8SDs
HCT,Low,20.29,-0.7SDs
HCT,Low,21.15,+1.7SDs
HCT,Low,21.01,+1.3SDs
HCT,Low,20.29,-0.7SDs
HCT,Low,20.18,-1.0SDs
HCT,Low,19.99,-1.5SDs
HCT,Low,20.93,+1.1SDs
HCT,Low,20.42,-0.3SDs
HCT,Low,20.92,+1.0SDs
HCT,Low,19.9,-1.7SDs
HCT,Low,19.84,-1.9SDs
HCT,Low,20.27,-0.7SDs
HCT,Low,20.86,+0.9SDs
HCT,Low,20.23,-0.8SDs
HCT,Low,20.93,+1.1SDs
HCT,Low,20.48,-0.2SDs
HCT,Low,21.15,+1.7SDs
HCT,Low,20.84,+0.8SDs
HCT,Low,20.51,-0.1SDs
#NRBC,Low,0.38,0.0SDs
#NRBC,Low,0.35,0.0SDs
#NRBC,Low,0.32,0.0SDs
#NRBC,Low,0.3,0.0SDs
#NRBC,Low,0.35,0.0SDs
#NRBC,Low,0.27,-0.1SDs
#NRBC,Low,0.27,-0.1SDs
#NRBC,Low,0.27,-0.1SDs
#NRBC,Low,0.31,0.0SDs
#NRBC,Low,0.37,0.0SDs
#NRBC,Low,0.33,0.0SDs
#NRBC,Low,0.31,0.0SDs
#NRBC,Low,0.33,0.0SDs
#NRBC,Low,0.33,0.0SDs
#NRBC,Low,0.31,0.0SDs
#NRBC,Low,0.25,-0.1SDs
#NRBC,Low,0.32,0.0SDs
#NRBC,Low,0.3,0.0SDs
#NRBC,Low,0.33,0.0SDs
#NRBC,Low,0.32,0.0SDs
#NRBC,Low,0.36,0.0SDs
#NRBC,Low,0.31,0.0SDs
#NRBC,Low,0.32,0.0SDs
#NRBC,Low,0.32,0.0SDs
#NRBC,Low,0.32,0.0SDs
#NRBC,Low,0.29,-0.1SDs
#NRBC,Low,0.32,0.0SDs
#NRBC,Low,0.27,-0.1SDs
#NRBC,Low,0.29,0.0SDs
#NRBC,Low,0.32,0.0SDs
#NRBC,Low,0.28,-0.1SDs
#NRBC,Low,0.3,0.0SDs
#NRBC,Low,0.33,0.0SDs
#NRBC,Low,0.31,0.0SDs
#NRBC,Low,0.29,-0.1SDs
#NRBC,Low,0.32,0.0SDs
#NRBC,Low,0.29,0.0SDs
#NRBC,Low,0.34,0.0SDs
#NRBC,Low,0.36,0.0SDs
#NRBC,Low,0.31,0.0SDs
#NRBC,Low,0.31,0.0SDs
#NRBC,Low,0.32,0.0SDs
#NRBC,Low,0.36,0.0SDs
#NRBC,Low,0.37,0.0SDs
#NRBC,Low,0.31,0.0SDs
#NRBC,Low,0.33,0.0SDs
#NRBC,Low,0.32,0.0SDs
#NRBC,Low,0.34,0.0SDs
#NRBC,Low,0.4,+0.1SDs
#NRBC,Low,0.41,+0.1SDs
#NRBC,Low,0.31,0.0SDs
#NRBC,Low,0.34,0.0SDs
#NRBC,Low,0.42,+0.1SDs
#NRBC,Low,0.35,0.0SDs
#NRBC,Low,0.32,0.0SDs
#NRBC,Low,0.28,-0.1SDs
#NRBC,Low,0.34,0.0SDs
#NRBC,Low,0.29,-0.1SDs
#NRBC,Low,0.27,-0.1SDs
RBC,Low,2.22,-1.7SDs
RBC,Low,2.26,-0.6SDs
RBC,Low,2.37,+2.2SDs
RBC,Low,2.29,+0.2SDs
RBC,Low,2.31,+0.8SDs
RBC,Low,2.32,+0.8SDs
RBC,Low,2.27,-0.4SDs
RBC,Low,2.3,+0.5SDs
RBC,Low,2.29,+0.3SDs
RBC,Low,2.26,-0.5SDs
RBC,Low,2.33,+1.2SDs
RBC,Low,2.29,+0.3SDs
RBC,Low,2.29,+0.3SDs
RBC,Low,2.29,+0.3SDs
RBC,Low,2.37,+2.1SDs
RBC,Low,2.34,+1.4SDs
RBC,Low,2.28,-0.2SDs
RBC,Low,2.27,-0.4SDs
RBC,Low,2.26,-0.6SDs
RBC,Low,2.29,+0.3SDs
RBC,Low,2.27,-0.2SDs
RBC,Low,2.32,+1.0SDs
RBC,Low,2.34,+1.3SDs
RBC,Low,2.32,+1.0SDs
RBC,Low,2.33,+1.1SDs
RBC,Low,2.32,+0.8SDs
RBC,Low,2.32,+0.9SDs
RBC,Low,2.25,-0.8SDs
RBC,Low,2.27,-0.3SDs
RBC,Low,2.28,-0.1SDs
RBC,Low,2.27,-0.2SDs
RBC,Low,2.24,-1.1SDs
RBC,Low,2.34,+1.5SDs
RBC,Low,2.35,+1.6SDs
RBC,Low,2.29,+0.3SDs
RBC,Low,2.31,+0.6SDs
RBC,Low,2.25,-0.7SDs
RBC,Low,2.29,+0.3SDs
RBC,Low,2.28,0.0SDs
RBC,Low,2.27,-0.4SDs
RBC,Low,2.35,+1.6SDs
RBC,Low,2.34,+1.4SDs
RBC,Low,2.32,+1.0SDs
RBC,Low,2.3,+0.4SDs
RBC,Low,2.26,-0.7SDs
RBC,Low,2.25,-0.7SDs
RBC,Low,2.28,0.0SDs
RBC,Low,2.25,-0.7SDs
RBC,Low,2.29,+0.2SDs
RBC,Low,2.25,-0.9SDs
RBC,Low,2.22,-1.6SDs
RBC,Low,2.31,+0.7SDs
RBC,Low,2.32,+0.8SDs
RBC,Low,2.27,-0.4SDs
RBC,Low,2.31,+0.6SDs
RBC,Low,2.27,-0.2SDs
RBC,Low,2.31,+0.6SDs
RBC,Low,2.28,0.0SDs
RBC,Low,2.28,+0.1SDs
#NEUT,Low,2.75,+0.3SDs
#NEUT,Low,2.82,+1.1SDs
#NEUT,Low,2.81,+1.0SDs
#NEUT,Low,2.72,0.0SDs
#NEUT,Low,2.71,-0.2SDs
#NEUT,Low,2.61,-1.3SDs
#NEUT,Low,2.67,-0.6SDs
#NEUT,Low,2.75,+0.4SDs
#NEUT,Low,2.87,+1.6SDs
#NEUT,Low,2.65,-0.8SDs
#NEUT,Low,2.8,+0.9SDs
#NEUT,Low,2.78,+0.7SDs
#NEUT,Low,2.76,+0.4SDs
#NEUT,Low,2.7,-0.2SDs
#NEUT,Low,2.88,+1.7SDs
#NEUT,Low,2.72,0.0SDs
#NEUT,Low,2.54,-2.1SDs
#NEUT,Low,2.69,-0.4SDs
#NEUT,Low,2.85,+1.4SDs
#NEUT,Low,2.63,-1.0SDs
#NEUT,Low,2.71,-0.2SDs
#NEUT,Low,2.51,-2.3SDs
#NEUT,Low,2.75,+0.3SDs
#NEUT,Low,2.82,+1.1SDs
#NEUT,Low,2.65,-0.8SDs
#NEUT,Low,2.74,+0.2SDs
#NEUT,Low,2.59,-1.5SDs
#NEUT,Low,2.68,-0.5SDs
#NEUT,Low,2.72,-0.1SDs
#NEUT,Low,2.78,+0.7SDs
#NEUT,Low,2.7,-0.2SDs
#NEUT,Low,2.79,+0.8SDs
#NEUT,Low,2.67,-0.6SDs
#NEUT,Low,2.75,+0.3SDs
#NEUT,Low,2.75,+0.3SDs
#NEUT,Low,2.68,-0.4SDs
#NEUT,Low,2.66,-0.6SDs
#NEUT,Low,2.88,+1.7SDs
#NEUT,Low,2.85,+1.4SDs
#NEUT,Low,2.76,+0.5SDs
#NEUT,Low,2.55,-1.9SDs
#NEUT,Low,2.63,-1.0SDs
#NEUT,Low,2.88,+1.8SDs
#NEUT,Low,2.68,-0.4SDs
#NEUT,Low,2.69,-0.3SDs
#NEUT,Low,2.76,+0.5SDs
#NEUT,Low,2.54,-2.1SDs
#NEUT,Low,2.78,+0.6SDs
#NEUT,Low,2.66,-0.7SDs
#NEUT,Low,2.74,+0.2SDs
#NEUT,Low,2.77,+0.6SDs
#NEUT,Low,2.69,-0.4SDs
#NEUT,Low,2.81,+1.0SDs
#NEUT,Low,2.74,+0.2SDs
#NEUT,Low,2.66,-0.7SDs
#NEUT,Low,2.67,-0.6SDs
#NEUT,Low,2.76,+0.4SDs
#NEUT,Low,2.6,-1.3SDs
#NEUT,Low,2.85,+1.4SDs
PLT,Low,69.45,-2.3SDs
PLT,Low,81.62,+0.5SDs
PLT,Low,82.64,+0.7SDs
PLT,Low,83.67,+0.9SDs
PLT,Low,73.24,-1.4SDs
PLT,Low,79.52,0.0SDs
PLT,Low,81.3,+0.4SDs
PLT,Low,74.17,-1.2SDs
PLT,Low,81.02,+0.3SDs
PLT,Low,79.02,-0.1SDs
PLT,Low,70.9,-1.9SDs
PLT,Low,83.21,+0.8SDs
PLT,Low,83.97,+1.0SDs
PLT,Low,72.26,-1.6SDs
PLT,Low,78.03,-0.3SDs
PLT,Low,79.67,0.0SDs
PLT,Low,80.09,+0.1SDs
PLT,Low,76.12,-0.8SDs
PLT,Low,78.5,-0.2SDs
PLT,Low,74.86,-1.0SDs
PLT,Low,70.62,-2.0SDs
PLT,Low,78.63,-0.2SDs
PLT,Low,84.0,+1.0SDs
PLT,Low,78.32,-0.3SDs
PLT,Low,81.22,+0.4SDs
PLT,Low,69.03,-2.4SDs
PLT,Low,83.84,+1.0SDs
PLT,Low,75.95,-0.8SDs
PLT,Low,81.32,+0.4SDs
PLT,Low,80.12,+0.1SDs
PLT,Low,77.5,-0.5SDs
PLT,Low,73.31,-1.4SDs
PLT,Low,78.76,-0.2SDs
PLT,Low,82.17,+0.6SDs
PLT,Low,82.94,+0.8SDs
PLT,Low,75.64,-0.9SDs
PLT,Low,74.36,-1.2SDs
PLT,Low,75.65,-0.9SDs
PLT,Low,73.5,-1.4SDs
PLT,Low,76.24,-0.7SDs
PLT,Low,87.11,+1.7SDs
PLT,Low,75.07,-1.0SDs
PLT,Low,69.08,-2.3SDs
PLT,Low,75.63,-0.9SDs
PLT,Low,78.51,-0.2SDs
PLT,Low,83.16,+0.8SDs
PLT,Low,78.23,-0.3SDs
PLT,Low,77.22,-0.5SDs
PLT,Low,75.69,-0.9SDs
PLT,Low,73.18,-1.4SDs
PLT,Low,85.49,+1.3SDs
PLT,Low,76.47,-0.7SDs
PLT,Low,81.68,+0.5SDs
PLT,Low,81.99,+0.6SDs
PLT,Low,81.75,+0.5SDs
PLT,Low,84.94,+1.2SDs
PLT,Low,85.36,+1.3SDs
PLT,Low,75.82,-0.8SDs
PLT,Low,72.49,-1.6SDs
%NEUT,Low,74.79,-0.1SDs
%NEUT,Low,75.15,+0.1SDs
%NEUT,Low,74.19,-0.5SDs
%NEUT,Low,73.94,-0.6SDs
%NEUT,Low,73.89,-0.7SDs
%NEUT,Low,75.1,+0.1SDs
%NEUT,Low,75.15,+0.1SDs
%NEUT,Low,74.56,-0.2SDs
%NEUT,Low,75.39,+0.3SDs
%NEUT,Low,74.39,-0.3SDs
%NEUT,Low,74.85,-0.1SDs
%NEUT,Low,74.11,-0.5SDs
%NEUT,Low,74.09,-0.5SDs
%NEUT,Low,72.29,-1.7SDs
%NEUT,Low,75.5,+0.3SDs
%NEUT,Low,74.75,-0.1SDs
%NEUT,Low,73.06,-1.2SDs
%NEUT,Low,74.94,0.0SDs
%NEUT,Low,75.56,+0.4SDs
%NEUT,Low,71.9,-1.9SDs
%NEUT,Low,74.13,-0.5SDs
%NEUT,Low,73.35,-1.0SDs
%NEUT,Low,73.87,-0.7SDs
%NEUT,Low,74.49,-0.3SDs
%NEUT,Low,74.43,-0.3SDs
%NEUT,Low,75.03,+0.1SDs
%NEUT,Low,72.42,-1.6SDs
%NEUT,Low,74.34,-0.4SDs
%NEUT,Low,75.64,+0.4SDs
%NEUT,Low,76.79,+1.1SDs
%NEUT,Low,73.58,-0.8SDs
%NEUT,Low,75.88,+0.6SDs
%NEUT,Low,72.01,-1.8SDs
%NEUT,Low,72.96,-1.2SDs
%NEUT,Low,73.71,-0.8SDs
%NEUT,Low,74.53,-0.3SDs
%NEUT,Low,74.76,-0.1SDs
%NEUT,Low,75.38,+0.3SDs
%NEUT,Low,75.47,+0.3SDs
%NEUT,Low,73.97,-0.6SDs
%NEUT,Low,73.65,-0.8SDs
%NEUT,Low,71.77,-2.0SDs
%NEUT,Low,73.33,-1.0SDs
%NEUT,Low,74.53,-0.3SDs
%NEUT,Low,74.17,-0.5SDs
%NEUT,Low,74.38,-0.3SDs
%NEUT,Low,72.5,-1.5SDs
%NEUT,Low,72.88,-1.3SDs
%NEUT,Low,72.92,-1.3SDs
%NEUT,Low,74.52,-0.3SDs
%NEUT,Low,73.39,-1.0SDs
%NEUT,Low,73.83,-0.7SDs
%NEUT,Low,75.53,+0.4SDs
%NEUT,Low,74.49,-0.3SDs
%NEUT,Low,75.97,+0.6SDs
%NEUT,Low,75.17,+0.1SDs
%NEUT,Low,76.48,+1.0SDs
%NEUT,Low,73.77,-0.7SDs
%NEUT,Low,78.28,+2.1SDs
MCH,Low,30.43,-0.3SDs
MCH,Low,30.83,+0.5SDs
MCH,Low,30.24,-0.7SDs
MCH,Low,30.77,+0.4SDs
MCH,Low,31.19,+1.3SDs
MCH,Low,31.7,+2.4SDs
MCH,Low,30.84,+0.6SDs
MCH,Low,31.4,+1.8SDs
MCH,Low,30.37,-0.4SDs
MCH,Low,29.98,-1.3SDs
MCH,Low,31.33,+1.6SDs
MCH,Low,30.49,-0.2SDs
MCH,Low,31.46,+1.9SDs
MCH,Low,30.78,+0.5SDs
MCH,Low,30.68,+0.2SDs
MCH,Low,30.16,-0.9SDs
MCH,Low,30.8,+0.5SDs
MCH,Low,30.98,+0.9SDs
MCH,Low,31.01,+0.9SDs
MCH,Low,30.67,+0.2SDs
MCH,Low,29.17,-3.1SDs
MCH,Low,31.16,+1.3SDs
MCH,Low,30.28,-0.6SDs
MCH,Low,30.99,+0.9SDs
MCH,Low,31.34,+1.7SDs
MCH,Low,30.8,+0.5SDs
MCH,Low,30.38,-0.4SDs
MCH,Low,30.95,+0.8SDs
MCH,Low,30.68,+0.2SDs
MCH,Low,30.2,-0.8SDs
MCH,Low,29.71,-1.9SDs
MCH,Low,31.4,+1.8SDs
MCH,Low,31.28,+1.5SDs
MCH,Low,30.29,-0.6SDs
MCH,Low,31.17,+1.3SDs
MCH,Low,31.53,+2.1SDs
MCH,Low,31.16,+1.3SDs
MCH,Low,30.57,0.0SDs
MCH,Low,31.37,+1.7SDs
MCH,Low,31.65,+2.3SDs
MCH,Low,30.62,+0.1SDs
MCH,Low,30.87,+0.6SDs
MCH,Low,30.85,+0.6SDs
MCH,Low,30.53,-0.1SDs
MCH,Low,31.14,+1.2SDs
MCH,Low,30.91,+0.7SDs
MCH,Low,29.9,-1.5SDs
MCH,Low,30.42,-0.3SDs
MCH,Low,30.92,+0.7SDs
MCH,Low,30.67,+0.2SDs
MCH,Low,31.4,+1.8SDs
MCH,Low,31.2,+1.4SDs
MCH,Low,29.9,-1.5SDs
MCH,Low,30.73,+0.3SDs
MCH,Low,30.82,+0.5SDs
MCH,Low,31.06,+1.0SDs
MCH,Low,30.28,-0.7SDs
MCH,Low,29.34,-2.7SDs
MCH,Low,30.03,-1.2SDs
MCHC,Low,35.23,+1.5SDs
MCHC,Low,34.17,+0.2SDs
MCHC,Low,34.35,+0.4SDs
MCHC,Low,34.5,+0.6SDs
MCHC,Low,35.04,+1.3SDs
MCHC,Low,35.37,+1.7SDs
MCHC,Low,33.15,-1.0SDs
MCHC,Low,35.17,+1.4SDs
MCHC,Low,32.6,-1.7SDs
MCHC,Low,32.24,-2.1SDs
MCHC,Low,35.34,+1.6SDs
MCHC,Low,33.43,-0.7SDs
MCHC,Low,35.6,+1.9SDs
MCHC,Low,33.84,-0.2SDs
MCHC,Low,35.08,+1.3SDs
MCHC,Low,33.68,-0.4SDs
MCHC,Low,34.5,+0.6SDs
MCHC,Low,33.34,-0.8SDs
MCHC,Low,33.5,-0.6SDs
MCHC,Low,33.34,-0.8SDs
MCHC,Low,32.58,-1.7SDs
MCHC,Low,34.41,+0.5SDs
MCHC,Low,33.5,-0.6SDs
MCHC,Low,34.28,+0.4SDs
MCHC,Low,34.75,+0.9SDs
MCHC,Low,34.54,+0.7SDs
MCHC,Low,33.06,-1.1SDs
MCHC,Low,35.18,+1.4SDs
MCHC,Low,33.86,-0.1SDs
MCHC,Low,34.37,+0.5SDs
MCHC,Low,33.02,-1.2SDs
MCHC,Low,34.7,+0.9SDs
MCHC,Low,36.05,+2.5SDs
MCHC,Low,34.32,+0.4SDs
MCHC,Low,35.29,+1.6SDs
MCHC,Low,34.74,+0.9SDs
MCHC,Low,34.33,+0.4SDs
MCHC,Low,34.23,+0.3SDs
MCHC,Low,34.21,+0.3SDs
MCHC,Low,35.42,+1.7SDs
MCHC,Low,35.42,+1.7SDs
MCHC,Low,34.14,+0.2SDs
MCHC,Low,34.08,+0.1SDs
MCHC,Low,34.55,+0.7SDs
MCHC,Low,34.81,+1.0SDs
MCHC,Low,34.86,+1.1SDs
MCHC,Low,32.61,-1.6SDs
MCHC,Low,33.56,-0.5SDs
MCHC,Low,33.84,-0.2SDs
MCHC,Low,34.63,+0.8SDs
MCHC,Low,35.09,+1.3SDs
MCHC,Low,35.57,+1.9SDs
MCHC,Low,33.19,-1.0SDs
MCHC,Low,34.41,+0.5SDs
MCHC,Low,33.96,0.0SDs
MCHC,Low,34.48,+0.6SDs
MCHC,Low,33.01,-1.2SDs
MCHC,Low,32.13,-2.2SDs
MCHC,Low,33.46,-0.6SDs
MPV,Low,9.8,+1.1SDs
MPV,Low,10.18,+1.7SDs
MPV,Low,9.52,+0.6SDs
MPV,Low,8.62,-0.9SDs
MPV,Low,9.28,+0.2SDs
MPV,Low,9.61,+0.8SDs
MPV,Low,9.18,0.0SDs
MPV,Low,9.72,+0.9SDs
MPV,Low,8.84,-0.5SDs
MPV,Low,9.89,+1.2SDs
MPV,Low,9.93,+1.3SDs
MPV,Low,9.92,+1.3SDs
MPV,Low,9.9,+1.2SDs
MPV,Low,9.96,+1.3SDs
MPV,Low,9.75,+1.0SDs
MPV,Low,10.07,+1.5SDs
MPV,Low,9.54,+0.6SDs
MPV,Low,8.94,-0.4SDs
MPV,Low,8.1,-1.8SDs
MPV,Low,9.52,+0.6SDs
MPV,Low,9.09,-0.1SDs
MPV,Low,9.76,+1.0SDs
MPV,Low,9.74,+1.0SDs
MPV,Low,9.22,+0.1SDs
MPV,Low,9.97,+1.4SDs
MPV,Low,7.73,-2.4SDs
MPV,Low,9.36,+0.3SDs
MPV,Low,8.61,-0.9SDs
MPV,Low,9.8,+1.1SDs
MPV,Low,9.23,+0.1SDs
MPV,Low,9.91,+1.2SDs
MPV,Low,10.18,+1.7SDs
MPV,Low,9.66,+0.8SDs
MPV,Low,8.83,-0.5SDs
MPV,Low,8.65,-0.9SDs
MPV,Low,9.61,+0.8SDs
MPV,Low,9.76,+1.0SDs
MPV,Low,8.33,-1.4SDs
MPV,Low,8.96,-0.3SDs
MPV,Low,9.49,+0.6SDs
MPV,Low,8.11,-1.7SDs
MPV,Low,8.99,-0.3SDs
MPV,Low,9.22,+0.1SDs
MPV,Low,10.37,+2.0SDs
MPV,Low,9.14,0.0SDs
MPV,Low,9.23,+0.1SDs
MPV,Low,8.26,-1.5SDs
MPV,Low,9.72,+0.9SDs
MPV,Low,9.65,+0.8SDs
MPV,Low,8.97,-0.3SDs
MPV,Low,9.24,+0.1SDs
MPV,Low,8.25,-1.5SDs
MPV,Low,10.02,+1.4SDs
MPV,Low,8.93,-0.4SDs
MPV,Low,8.8,-0.6SDs
MPV,Low,8.9,-0.4SDs
MPV,Low,9.65,+0.8SDs
MPV,Low,9.76,+1.0SDs
MPV,Low,8.59,-1.0SDs
%EO,Low,1.11,+0.2SDs
%EO,Low,0.58,-1.4SDs
%EO,Low,0.99,-0.2SDs
%EO,Low,1.08,+0.1SDs
%EO,Low,0.95,-0.3SDs
%EO,Low,0.85,-0.6SDs
%EO,Low,1.0,-0.1SDs
%EO,Low,0.95,-0.3SDs
%EO,Low,0.99,-0.2SDs
%EO,Low,1.08,+0.1SDs
%EO,Low,0.92,-0.4SDs
%EO,Low,0.91,-0.4SDs
%EO,Low,0.93,-0.4SDs
%EO,Low,1.3,+0.8SDs
%EO,Low,1.04,0.0SDs
%EO,Low,1.22,+0.5SDs
%EO,Low,1.01,-0.1SDs
%EO,Low,1.25,+0.6SDs
%EO,Low,0.88,-0.5SDs
%EO,Low,1.0,-0.1SDs
%EO,Low,1.69,+1.9SDs
%EO,Low,1.69,+2.0SDs
%EO,Low,1.23,+0.6SDs
%EO,Low,1.31,+0.8SDs
%EO,Low,1.04,0.0SDs
%EO,Low,1.1,+0.2SDs
%EO,Low,1.01,-0.1SDs
%EO,Low,0.89,-0.5SDs
%EO,Low,1.53,+1.5SDs
%EO,Low,1.07,+0.1SDs
%EO,Low,1.13,+0.3SDs
%EO,Low,0.89,-0.5SDs
%EO,Low,1.0,-0.1SDs
%EO,Low,0.82,-0.7SDs
%EO,Low,0.92,-0.4SDs
%EO,Low,0.78,-0.8SDs
%EO,Low,1.02,-0.1SDs
%EO,Low,1.06,0.0SDs
%EO,Low,0.74,-0.9SDs
%EO,Low,1.17,+0.4SDs
%EO,Low,1.06,0.0SDs
%EO,Low,1.2,+0.5SDs
%EO,Low,1.02,-0.1SDs
%EO,Low,0.42,-1.9SDs
%EO,Low,0.93,-0.4SDs
%EO,Low,1.07,+0.1SDs
%EO,Low,1.07,+0.1SDs
%EO,Low,0.83,-0.7SDs
%EO,Low,0.74,-0.9SDs
%EO,Low,1.04,0.0SDs
%EO,Low,1.22,+0.5SDs
%EO,Low,1.15,+0.3SDs
%EO,Low,1.12,+0.2SDs
%EO,Low,1.01,-0.1SDs
%EO,Low,0.88,-0.5SDs
%EO,Low,1.12,+0.2SDs
%EO,Low,0.99,-0.2SDs
%EO,Low,1.55,+1.5SDs
%EO,Low,0.69,-1.1SDs
MCV,Low,86.38,-2.8SDs
MCV,Low,90.21,+0.1SDs
MCV,Low,88.03,-1.5SDs
MCV,Low,89.2,-0.6SDs
MCV,Low,89.03,-0.7SDs
MCV,Low,89.63,-0.3SDs
MCV,Low,93.02,+2.3SDs
MCV,Low,89.28,-0.6SDs
MCV,Low,93.18,+2.4SDs
MCV,Low,92.99,+2.3SDs
MCV,Low,88.66,-1.0SDs
MCV,Low,91.21,+0.9SDs
MCV,Low,88.39,-1.2SDs
MCV,Low,90.96,+0.7SDs
MCV,Low,87.46,-1.9SDs
MCV,Low,89.56,-0.3SDs
MCV,Low,89.27,-0.6SDs
MCV,Low,92.93,+2.2SDs
MCV,Low,92.56,+1.9SDs
MCV,Low,91.98,+1.5SDs
MCV,Low,89.52,-0.4SDs
MCV,Low,90.56,+0.4SDs
MCV,Low,90.41,+0.3SDs
MCV,Low,90.39,+0.3SDs
MCV,Low,90.2,+0.1SDs
MCV,Low,89.18,-0.6SDs
MCV,Low,91.89,+1.4SDs
MCV,Low,87.97,-1.5SDs
MCV,Low,90.6,+0.4SDs
MCV,Low,87.89,-1.6SDs
MCV,Low,90.0,0.0SDs
MCV,Low,90.48,+0.4SDs
MCV,Low,86.76,-2.5SDs
MCV,Low,88.24,-1.3SDs
MCV,Low,88.34,-1.3SDs
MCV,Low,90.77,+0.6SDs
MCV,Low,90.78,+0.6SDs
MCV,Low,89.32,-0.5SDs
MCV,Low,91.71,+1.3SDs
MCV,Low,89.35,-0.5SDs
MCV,Low,86.44,-2.7SDs
MCV,Low,90.42,+0.3SDs
MCV,Low,90.52,+0.4SDs
MCV,Low,88.38,-1.2SDs
MCV,Low,89.46,-0.4SDs
MCV,Low,88.66,-1.0SDs
MCV,Low,91.68,+1.3SDs
MCV,Low,90.66,+0.5SDs
MCV,Low,91.36,+1.0SDs
MCV,Low,88.56,-1.1SDs
MCV,Low,89.47,-0.4SDs
MCV,Low,87.72,-1.7SDs
MCV,Low,90.08,+0.1SDs
MCV,Low,89.3,-0.5SDs
MCV,Low,90.76,+0.6SDs
MCV,Low,90.07,0.0SDs
MCV,Low,91.73,+1.3SDs
MCV,Low,91.34,+1.0SDs
MCV,Low,89.76,-0.2SDs
#MONO,Low,0.13,+0.3SDs
#MONO,Low,0.14,+0.4SDs
#MONO,Low,0.21,+1.8SDs
#MONO,Low,0.11,-0.2SDs
#MONO,Low,0.15,+0.7SDs
#MONO,Low,0.05,-1.4SDs
#MONO,Low,0.06,-1.1SDs
#MONO,Low,0.16,+0.9SDs
#MONO,Low,0.08,-0.7SDs
#MONO,Low,0.14,+0.5SDs
#MONO,Low,0.16,+0.8SDs
#MONO,Low,0.19,+1.5SDs
#MONO,Low,0.08,-0.8SDs
#MONO,Low,0.13,+0.2SDs
#MONO,Low,0.09,-0.6SDs
#MONO,Low,0.12,+0.1SDs
#MONO,Low,0.14,+0.5SDs
#MONO,Low,0.08,-0.7SDs
#MONO,Low,0.12,+0.1SDs
#MONO,Low,0.15,+0.7SDs
#MONO,Low,0.14,+0.4SDs
#MONO,Low,0.14,+0.5SDs
#MONO,Low,0.18,+1.3SDs
#MONO,Low,0.15,+0.6SDs
#MONO,Low,0.14,+0.4SDs
#MONO,Low,0.12,0.0SDs
#MONO,Low,0.17,+1.1SDs
#MONO,Low,0.13,+0.3SDs
#MONO,Low,0.09,-0.6SDs
#MONO,Low,0.06,-1.2SDs
#MONO,Low,0.1,-0.4SDs
#MONO,Low,0.11,-0.2SDs
#MONO,Low,0.18,+1.3SDs
#MONO,Low,0.19,+1.4SDs
#MONO,Low,0.17,+1.1SDs
#MONO,Low,0.19,+1.4SDs
#MONO,Low,0.12,+0.1SDs
#MONO,Low,0.06,-1.1SDs
#MONO,Low,0.12,+0.1SDs
#MONO,Low,0.17,+1.2SDs
#MONO,Low,0.16,+0.9SDs
#MONO,Low,0.16,+0.8SDs
#MONO,Low,0.17,+1.1SDs
#MONO,Low,0.1,-0.4SDs
#MONO,Low,0.11,-0.1SDs
#MONO,Low,0.07,-1.0SDs
#MONO,Low,0.18,+1.2SDs
#MONO,Low,0.12,0.0SDs
#MONO,Low,0.18,+1.2SDs
#MONO,Low,0.18,+1.3SDs
#MONO,Low,0.1,-0.4SDs
#MONO,Low,0.14,+0.4SDs
#MONO,Low,0.08,-0.7SDs
#MONO,Low,0.14,+0.4SDs
#MONO,Low,0.04,-1.5SDs
#MONO,Low,0.07,-0.9SDs
#MONO,Low,0.12,+0.1SDs
#MONO,Low,0.17,+1.1SDs
#MONO,Low,0.06,-1.1SDs
